metric,value
accuracy,0.75
precision_0,0.8235294117647058
recall_0,0.5894736842105263
f1_0,0.6871165644171779
precision_1,0.7132352941176471
recall_1,0.8899082568807339
f1_1,0.7918367346938775
