Actual,Predicted,Predicted_Prob
1,0,0.4905424
1,1,0.71956784
0,0,0.2663799
0,1,0.54603577
1,1,0.95256776
0,1,0.77366304
1,1,0.5971348
1,1,0.66141284
1,1,0.725453
1,1,0.65175956
